date;AAPL_pred;AMZN_pred;GOOGL_pred;IBM_pred
2014-01-31;73.07114;389.571;558.99774;173.74168
2014-02-03;72.42516;389.4771;559.95654;174.45697
2014-02-04;72.158104;389.30084;560.74866;173.12686
2014-02-05;71.57042;388.9384;560.98486;171.23073
2014-02-06;71.630844;388.24765;560.90247;169.78302
2014-02-07;71.96486;387.35562;561.0204;169.17789
2014-02-10;72.57454;386.59775;561.7054;170.86166
2014-02-11;73.35326;386.12067;562.6752;172.53738
2014-02-12;73.699356;385.7895;563.9358;174.5536
2014-02-13;73.877075;385.37698;564.7915;176.13046
2014-02-14;74.080345;384.45688;565.4571;176.99648
2014-02-18;74.38909;383.2409;566.45337;178.15591
2014-02-19;74.75235;382.54114;567.47125;178.90207
2014-02-20;74.54507;382.44724;568.5494;179.31526
2014-02-21;73.65364;382.2351;569.786;180.02138
2014-02-24;72.78149;381.81686;570.90393;179.67157
2014-02-25;72.40339;381.11688;572.31616;179.62943
2014-02-26;72.5892;380.14792;573.8997;180.07846
2014-02-27;72.65975;379.28497;575.3834;180.74382
2014-02-28;72.630325;378.3549;576.89856;182.70462
2014-03-03;73.185135;377.3984;578.21094;183.66177
2014-03-04;73.6722;376.66873;579.33655;183.64664
2014-03-05;73.95275;376.0974;580.39734;184.03459
2014-03-06;73.91868;375.55023;581.6505;184.59576
2014-03-07;73.6509;375.12936;582.9084;185.21823
2014-03-10;73.2576;374.53818;584.0789;185.33296
2014-03-11;72.9763;373.8658;585.01904;184.40898
2014-03-12;73.303925;373.32867;585.5567;183.4396
2014-03-13;73.981346;373.13055;585.90936;182.6636
2014-03-14;73.96141;373.142;586.1162;180.81546
2014-03-17;73.41499;373.32486;586.0857;178.64455
2014-03-18;72.79895;373.57666;585.9391;178.54385
2014-03-19;73.1387;373.94153;585.95166;181.9206
2014-03-20;74.186325;374.4645;586.13806;183.01677
2014-03-21;74.50617;374.92178;586.22876;183.44777
2014-03-24;74.47857;375.18387;585.92773;183.63414
2014-03-25;74.96888;375.31622;585.1068;183.93866
2014-03-26;75.954384;375.39587;584.06323;186.37292
2014-03-27;76.394585;375.4594;583.0014;187.37999
2014-03-28;76.02911;375.59213;581.7258;186.13528
2014-03-31;75.290764;375.66223;580.08374;185.08382
2014-04-01;74.64156;375.76416;578.3491;184.62514
2014-04-02;74.925095;375.87195;576.7692;187.33092
2014-04-03;75.65774;376.00897;575.29224;188.60262
2014-04-04;75.923546;376.2139;573.8758;188.06346
2014-04-07;75.34273;376.4099;572.0249;187.65309
2014-04-08;74.55467;376.61224;569.6289;188.19608
2014-04-09;73.91318;377.26062;567.5425;189.03012
2014-04-10;73.76742;378.40298;565.979;189.6993
2014-04-11;74.070724;379.70422;564.6094;190.03378
2014-04-14;73.44339;380.87463;563.00446;189.97101
2014-04-15;72.66341;381.2067;560.8735;190.74881
2014-04-16;72.082016;380.96262;558.5074;191.1004
2014-04-17;72.1492;380.63232;556.85126;190.9739
2014-04-21;72.64593;380.41403;555.6401;187.52304
2014-04-22;73.31715;380.17194;554.2281;184.31076
2014-04-23;73.4797;379.51816;552.4962;183.34851
2014-04-24;72.91445;378.6237;550.865;183.92285
2014-04-25;74.39826;377.7492;549.5719;185.45464
2014-04-28;76.42076;376.48074;548.15784;184.3569
2014-04-29;78.07074;374.62173;546.4713;185.88193
2014-04-30;79.326744;372.2933;544.8539;188.46948
2014-05-01;79.61848;369.72256;543.55615;189.75082
2014-05-02;79.69623;367.46277;542.75073;188.95102
2014-05-05;79.81192;366.26053;541.9518;186.43982
2014-05-06;80.29601;365.96637;540.7628;183.41644
2014-05-07;80.916;365.502;539.6294;181.7359
2014-05-08;81.11006;363.16846;538.32324;181.23439
2014-05-09;81.12941;358.74872;537.1644;181.78673
2014-05-12;80.86471;353.47357;536.2174;183.04956
2014-05-13;80.98793;348.51956;535.5233;185.60207
2014-05-14;81.42466;343.54117;535.30664;187.2581
2014-05-15;81.73508;339.31094;535.0742;186.42096
2014-05-16;81.69782;336.74255;534.3859;183.10565
2014-05-19;81.77452;334.17862;533.3402;180.37022
2014-05-20;82.56627;330.3863;532.7431;179.33615
2014-05-21;83.26203;326.01672;532.80585;178.95546
2014-05-22;83.84317;321.652;533.3052;179.81361
2014-05-23;84.129715;318.62897;534.2011;180.49454
2014-05-27;84.37136;316.21048;535.2232;181.26683
2014-05-28;85.0302;315.2307;536.5471;181.59741
2014-05-29;85.56178;315.03622;537.8374;179.32822
2014-05-30;86.270935;313.86865;538.96313;177.73547
2014-06-02;86.9208;311.5866;540.2499;178.01865
2014-06-03;86.89858;309.7605;541.5013;180.43289
2014-06-04;86.91344;309.25168;542.7344;181.10214
2014-06-05;87.29794;309.34634;543.86914;180.99728
2014-06-06;87.87883;308.7766;545.02026;182.13014
2014-06-09;88.350586;308.8639;546.2464;183.00946
2014-06-10;88.803665;310.82242;547.60986;183.612
2014-06-11;89.38223;313.75186;549.0104;182.48009
2014-06-12;89.75636;317.69974;550.1414;179.47856
2014-06-13;89.444885;322.0624;550.93286;177.70683
2014-06-16;88.52285;326.69962;551.8217;176.82547
2014-06-17;87.78694;331.3817;552.63947;177.4476
2014-06-18;87.44577;336.14523;553.2092;178.63704
2014-06-19;87.42134;341.0047;553.703;180.2846
2014-06-20;87.4987;345.42874;554.14996;181.25583
2014-06-23;87.25258;348.43542;554.6022;180.28333
2014-06-24;86.90031;351.07367;555.0559;178.72101
2014-06-25;86.349014;354.1325;555.4116;176.70943
2014-06-26;85.885086;357.88135;555.91797;175.26474
2014-06-27;85.87262;361.4977;556.7646;174.6337
2014-06-30;86.377945;364.79144;557.78357;175.1487
2014-07-01;87.17953;367.3407;558.8421;176.8161
2014-07-02;88.10191;369.22882;559.8529;179.4631
2014-07-03;88.714905;370.67255;560.91724;182.25389
2014-07-07;89.154434;371.81256;561.9707;183.60422
2014-07-08;89.80101;372.50482;562.9756;183.93707
2014-07-09;90.19067;372.63132;563.70044;183.29181
2014-07-10;90.33571;372.50964;564.20264;182.79153
2014-07-11;90.28554;372.423;564.7677;183.09142
2014-07-14;90.10303;372.86746;565.6719;183.34875
2014-07-15;90.485306;373.74152;566.842;184.52214
2014-07-16;90.66545;374.29065;568.1604;184.80563
2014-07-17;90.37054;373.9908;569.34607;186.11615
2014-07-18;89.60697;372.80298;570.0473;187.70941
2014-07-21;88.947556;371.39703;570.85126;188.36014
2014-07-22;88.675125;370.33505;571.8893;188.2327
2014-07-23;88.87523;369.71637;573.0574;188.39288
2014-07-24;89.864395;369.47256;574.3579;188.94353
2014-07-25;90.81571;369.2415;575.36;189.56058
2014-07-28;91.57349;368.65234;576.0195;189.73888
2014-07-29;92.40294;368.1994;576.59717;189.89421
2014-07-30;92.74055;367.93945;577.1279;189.8199
2014-07-31;92.847946;368.18536;577.5225;188.93642
2014-08-01;91.98549;369.00006;577.69714;186.86923
2014-08-04;91.08165;370.08163;577.53955;183.82596
2014-08-05;90.26819;371.40552;577.2937;182.1929
2014-08-06;89.65108;372.8452;576.83765;181.09972
2014-08-07;89.32166;374.27258;576.54517;179.78326
2014-08-08;89.056;375.782;576.07886;178.39084
2014-08-11;88.94885;376.6656;575.4912;178.25859
2014-08-12;89.27512;376.2915;574.9396;181.21999
2014-08-13;89.62912;375.30127;574.24207;182.67271
2014-08-14;90.312965;373.96463;573.8014;182.82849
2014-08-15;91.05371;372.74457;573.37683;182.57767
2014-08-18;91.65429;371.75494;572.89594;182.08798
2014-08-19;92.400024;371.34912;572.6985;182.83737
2014-08-20;93.27213;371.3715;572.6351;183.79033
2014-08-21;93.93191;371.4084;572.5373;184.56573
2014-08-22;94.36185;371.2712;572.41394;185.44592
2014-08-25;94.65799;371.1;572.3079;185.68137
2014-08-26;94.84218;370.95312;572.2267;186.2666
2014-08-27;94.84018;370.9541;572.11865;187.38031
2014-08-28;95.0692;370.50336;572.0519;188.20018
2014-08-29;95.34347;369.68393;571.9984;188.74367
2014-09-02;95.66784;368.6587;571.8102;188.92754
2014-09-03;96.13785;367.8908;571.856;188.19754
2014-09-04;95.3188;367.39447;572.1453;188.02905
2014-09-05;94.22348;367.5225;572.6172;187.38667
2014-09-08;93.19356;368.31128;573.1949;186.7226
2014-09-09;92.3121;369.16077;573.82635;186.34344
2014-09-10;91.870766;369.65808;574.4093;185.45386
2014-09-11;92.407425;369.87885;574.89636;186.41382
2014-09-12;93.40741;370.1164;575.25446;187.20341
2014-09-15;94.40239;370.61746;575.36115;187.46497
2014-09-16;95.00686;371.36942;575.35803;187.58987
2014-09-17;94.79964;372.2511;575.33124;187.90164
2014-09-18;94.62874;372.99176;575.3563;188.40747
2014-09-19;94.60524;373.5948;575.5681;188.79861
2014-09-22;94.3067;374.26514;576.0837;189.01776
2014-09-23;94.28709;374.93695;576.54285;188.89001
2014-09-24;94.68654;375.44055;576.73254;187.80077
2014-09-25;94.96298;375.7127;576.9232;186.74216
2014-09-26;94.15585;375.8841;577.13257;184.47028
2014-09-29;93.46748;376.04327;577.2649;183.1956
2014-09-30;93.03342;376.1341;577.3439;183.7149
2014-10-01;93.05456;376.00546;577.29987;184.25728
2014-10-02;92.93136;375.57227;577.02405;184.03406
2014-10-03;92.63701;374.72;576.5328;182.2966
2014-10-06;92.88575;373.82132;576.089;182.52863
2014-10-07;93.14054;373.01923;575.72455;184.21013
2014-10-08;92.82419;372.3124;575.31116;183.30322
2014-10-09;93.0612;371.66617;575.08594;183.06125
2014-10-10;93.64682;370.7121;574.6333;182.16626
2014-10-13;94.03267;369.30533;573.6996;180.76556
2014-10-14;93.91429;367.537;572.4861;179.21564
2014-10-15;93.36194;365.36893;570.9553;177.47473
2014-10-16;92.531105;362.9888;569.26843;176.22812
2014-10-17;91.63483;360.49768;567.33057;175.00113
2014-10-20;90.7901;358.2777;565.10474;174.78426
2014-10-21;91.21606;356.4701;562.6607;172.59262
2014-10-22;92.59416;355.02866;560.1932;168.5403
2014-10-23;94.052055;354.08994;558.1302;163.75888
2014-10-24;95.479774;353.4095;556.7484;160.62863
2014-10-27;96.64476;351.94055;555.4454;161.75533
2014-10-28;97.09381;348.69614;553.96893;164.13686
2014-10-29;97.55084;344.31647;552.5713;164.97464
2014-10-30;98.03227;339.69955;551.45624;164.68628
2014-10-31;98.459404;335.37997;550.67896;163.99997
2014-11-03;99.14139;330.68112;550.0637;162.49162
2014-11-04;99.83687;327.3205;549.5147;161.04077
2014-11-05;100.33383;326.05246;549.12415;160.62762
2014-11-06;100.81004;325.07712;548.6204;160.37169
2014-11-07;100.7623;322.86798;548.05383;160.10587
2014-11-10;100.52016;319.60468;547.56683;160.05219
2014-11-11;100.42085;317.00012;547.3564;159.9212
2014-11-12;100.57202;314.26318;547.689;160.63461
2014-11-13;101.31685;311.9245;548.20135;160.67084
2014-11-14;102.49509;311.44635;548.6416;160.28372
2014-11-17;103.76808;312.59155;548.9983;160.542
2014-11-18;104.61183;314.06522;549.05005;161.09319
2014-11-19;105.283195;315.39728;548.9807;160.87668
2014-11-20;105.59709;318.02634;548.9892;160.14499
2014-11-21;105.83952;322.0695;548.92;159.09344
2014-11-24;106.29139;326.4671;548.80585;158.35605
2014-11-25;106.92621;331.0266;548.6946;158.25755
2014-11-26;107.59569;336.0355;548.47064;158.13022
2014-11-28;108.0573;340.53452;548.1233;158.26271
2014-12-01;108.544945;343.65695;547.7599;158.41586
2014-12-02;107.715294;346.135;547.2627;157.96588
2014-12-03;106.60143;349.11258;546.56494;157.90118
2014-12-04;105.545944;352.74612;545.849;158.76514
2014-12-05;104.98811;356.21884;545.2726;159.75706
2014-12-08;104.94966;359.61572;544.57544;160.18471
2014-12-09;104.12947;362.59802;543.68677;159.69925
2014-12-10;103.62991;364.83148;542.74774;159.26364
2014-12-11;103.20665;366.2955;541.67914;158.62405
2014-12-12;102.47774;366.97876;540.7485;158.19759
2014-12-15;101.44565;367.28787;539.7435;156.57468
2014-12-16;100.214066;366.73184;538.5251;153.98337
2014-12-17;99.03489;365.00696;537.00995;151.20274
2014-12-18;98.42146;361.71448;535.4745;149.48778
2014-12-19;99.54794;357.48566;534.1095;151.90387
2014-12-22;100.655;352.91083;532.9363;153.87563
2014-12-23;101.71269;347.8051;532.6095;155.10487
2014-12-24;102.47167;343.85745;533.2721;155.87804
2014-12-26;102.21907;341.21075;533.6094;156.05275
2014-12-29;102.65805;339.10922;532.6724;155.9216
2014-12-30;103.02506;337.42523;531.79083;155.24704
2014-12-31;103.09451;335.61713;531.452;155.29518
2015-01-02;102.517044;333.41312;531.35156;155.40721
2015-01-05;101.48782;331.0587;531.10126;155.81607
2015-01-06;100.062225;327.94058;530.5968;155.7
2015-01-07;98.74895;324.48184;529.79956;154.81398
2015-01-08;97.96648;320.71246;528.89526;153.97012
2015-01-09;98.79289;316.96542;527.8712;154.17422
2015-01-12;100.03419;312.78555;526.6835;155.08765
2015-01-13;100.43404;309.17288;525.6466;155.77507
2015-01-14;100.464554;306.66046;524.7066;156.05415
2015-01-15;100.31613;304.94263;524.03424;155.75002
2015-01-16;99.545555;303.52393;523.46356;154.38419
2015-01-20;98.46555;302.2145;522.88873;154.03268
2015-01-21;97.62221;300.6435;522.24554;153.8931
2015-01-22;98.34294;298.80283;521.6496;152.92018
2015-01-23;99.79625;297.7332;521.90796;152.77916
2015-01-26;101.15949;298.18185;523.83795;152.50691
2015-01-27;102.20608;300.25226;525.7804;152.34978
2015-01-28;101.98723;302.87906;524.8788;151.99358
2015-01-29;102.20865;304.7001;523.1571;151.09462
2015-01-30;103.56868;305.26715;522.5257;151.16315
2015-02-02;104.548645;306.11554;522.9085;151.03476
2015-02-03;105.91023;309.88843;523.34296;151.30942
2015-02-04;106.84223;317.0467;523.8726;152.57062
2015-02-05;107.44862;325.71924;524.3755;152.92651
2015-02-06;108.09529;333.01593;524.1648;153.85194
2015-02-09;108.1001;337.0746;524.0955;153.58678
2015-02-10;108.16409;339.37567;524.671;153.15164
2015-02-11;108.86545;341.7119;525.64667;153.2681
2015-02-12;109.99175;344.29877;526.801;153.52634
2015-02-13;111.58473;346.9312;528.3716;154.37096
2015-02-17;113.24109;349.21066;529.87286;155.74973
2015-02-18;114.596306;350.96194;531.11975;156.81313
2015-02-19;115.26137;353.00903;531.77;158.07188
2015-02-20;115.41426;355.3826;532.31964;159.20303
2015-02-23;115.543724;359.02942;533.047;160.03174
2015-02-24;116.67119;362.75656;533.7554;160.21126
2015-02-25;117.83696;365.87936;534.4079;161.06627
2015-02-26;117.73464;368.92307;535.1289;160.70773
2015-02-27;117.22424;371.388;536.2215;160.26462
2015-03-02;116.31044;373.39697;537.5092;159.9726
2015-03-03;115.7281;374.84784;539.46686;159.39142
2015-03-04;115.522385;375.8896;541.49475;159.1759
2015-03-05;114.973465;376.88803;542.94403;158.81355
2015-03-06;114.37195;377.95746;544.5175;158.73767
2015-03-09;113.77743;379.06223;546.2054;158.37482
2015-03-10;113.356735;379.96545;547.87317;157.97192
2015-03-11;112.830414;380.65472;549.203;157.1901
2015-03-12;111.77314;381.09836;550.1378;156.07727
2015-03-13;110.7913;381.3017;550.8398;155.43922
2015-03-16;110.251526;381.36023;551.3682;153.96278
2015-03-17;110.64205;381.4276;551.9671;153.78535
2015-03-18;111.58641;381.5643;552.5203;154.00937
2015-03-19;112.817245;381.70114;553.1255;154.7636
2015-03-20;113.8911;381.7531;553.8878;155.85748
2015-03-23;113.83104;381.6939;554.6743;156.58527
2015-03-24;113.34604;381.5614;555.43494;158.18753
2015-03-25;113.03576;381.49002;556.2618;158.68884
2015-03-26;112.28246;381.44183;556.8435;157.82346
2015-03-27;111.55417;381.35638;557.2177;157.49728
2015-03-30;110.6593;381.16626;557.1505;157.25023
2015-03-31;111.02078;380.85574;556.78827;157.72629
2015-04-01;111.59389;380.55652;556.37213;157.9097
2015-04-02;111.49295;380.26865;555.80975;157.70639
2015-04-06;111.73684;380.10516;555.2199;157.76456
2015-04-07;112.43672;380.0589;554.3128;157.68376
2015-04-08;112.95558;379.9795;553.4405;158.27425
2015-04-09;112.97862;379.84515;552.8042;158.5824
2015-04-10;113.136086;379.78802;552.3528;158.93158
2015-04-13;113.704056;379.74323;551.8274;159.15866
2015-04-14;114.13055;379.7151;551.20734;158.92119
2015-04-15;114.04974;379.74765;550.3713;158.65851
2015-04-16;113.93373;379.77866;549.48267;159.18643
2015-04-17;113.94142;379.82263;548.64636;159.29976
2015-04-20;113.36903;379.9204;547.66406;158.783
2015-04-21;113.24184;380.09094;546.789;159.12744
2015-04-22;113.56023;380.33975;546.01184;159.3264
2015-04-23;114.23007;380.63458;545.3597;159.75407
2015-04-24;115.24067;380.9748;544.9956;162.04866
2015-04-27;115.88899;381.3935;545.12476;164.16571
2015-04-28;117.07753;381.9973;545.63214;166.04552
2015-04-29;117.66873;382.83636;546.0034;167.71722
2015-04-30;117.07531;383.93936;546.2147;169.29541
2015-05-01;115.61115;385.08102;546.3168;169.09343
2015-05-04;114.57956;386.0036;546.3332;168.96135
2015-05-05;114.409485;386.652;546.43005;168.60269
2015-05-06;113.94293;387.3309;546.5425;168.16536
2015-05-07;113.19217;388.15344;546.26855;167.39224
2015-05-08;112.377304;389.15836;545.8789;166.89548
2015-05-11;112.63109;390.26672;545.5684;167.11838
2015-05-12;113.01849;391.28607;545.4852;167.57701
2015-05-13;112.73024;392.2266;545.4633;167.42952
2015-05-14;112.5738;393.3004;545.38336;167.52736
2015-05-15;113.386;394.485;545.2315;169.01881
2015-05-18;114.339134;395.7193;545.20654;170.18411
2015-05-19;115.21471;396.9317;545.4407;169.86757
2015-05-20;116.047134;397.76492;545.49316;168.95183
2015-05-21;116.56816;398.28143;545.3205;168.1871
2015-05-22;117.02292;398.732;545.1493;167.943
2015-05-26;117.36417;399.0937;545.07733;167.15228
2015-05-27;117.20697;399.50092;544.968;166.30396
2015-05-28;117.49556;400.16443;544.7715;166.09111
2015-05-29;117.7301;400.93195;544.6256;166.41945
2015-06-01;117.405525;401.59003;544.57043;166.41278
2015-06-02;117.19583;402.03375;544.6501;166.15842
2015-06-03;116.68857;402.24268;544.73157;165.82991
2015-06-04;116.48515;402.3559;544.8952;165.58624
2015-06-05;116.28369;402.39447;545.123;165.10352
2015-06-08;115.631165;402.38855;545.3202;164.35367
2015-06-09;114.95532;402.3635;545.2982;163.33849
2015-06-10;114.41346;402.29208;545.0375;162.72107
2015-06-11;114.41972;402.28763;545.0507;163.01163
2015-06-12;114.65787;402.37292;545.3366;164.03642
2015-06-15;114.48242;402.52502;545.56494;164.16649
2015-06-16;114.03415;402.71298;545.5623;163.41956
2015-06-17;113.7644;402.82617;545.32526;162.82489
2015-06-18;113.79576;402.80896;545.0182;162.4585
2015-06-19;113.987885;402.72064;545.02325;162.83504
2015-06-22;113.83755;402.62125;545.365;162.90536
2015-06-23;113.825066;402.71396;545.77655;163.19193
2015-06-24;113.84235;403.0114;546.2053;163.83716
2015-06-25;114.0763;403.3214;546.5567;163.49718
2015-06-26;114.29645;403.539;546.80853;162.94696
2015-06-29;114.12882;403.64496;546.9248;162.43886
2015-06-30;113.44684;403.70648;546.87646;161.5714
2015-07-01;112.64138;403.79984;546.572;160.84717
2015-07-02;112.472176;403.95346;546.2517;160.85866
2015-07-06;112.82328;404.12903;546.112;161.42271
2015-07-07;113.11348;404.32523;546.0757;162.13126
2015-07-08;113.01033;404.48093;546.10986;162.41504
2015-07-09;112.164764;404.6081;545.9499;161.72066
2015-07-10;110.84523;404.69287;545.5883;160.9518
2015-07-13;109.85785;404.7542;545.4944;161.2342
2015-07-14;110.33574;404.95016;546.0872;163.45125
2015-07-15;111.27335;405.31097;547.5665;165.23395
2015-07-16;112.13156;405.85806;549.7262;165.80106
2015-07-17;113.20665;406.5112;552.40485;166.35011
2015-07-20;114.50536;407.08676;561.74524;167.70665
2015-07-21;115.92554;407.64133;576.5276;169.3499
2015-07-22;116.61918;408.31497;592.6549;167.14828
2015-07-23;115.345055;409.12076;599.59717;164.93985
2015-07-24;113.84288;410.0889;597.12305;163.35995
2015-07-27;112.18848;411.19067;596.717;161.58626
2015-07-28;110.95061;412.3582;600.2505;161.81906
2015-07-29;110.1438;413.6425;604.28674;163.72452
2015-07-30;109.728546;415.14252;606.1434;165.2862
2015-07-31;109.51;416.76627;606.4215;165.944
2015-08-03;109.054504;418.4933;607.1762;165.26611
2015-08-04;107.86255;420.22125;607.5781;163.02635
2015-08-05;106.201004;422.01004;607.7597;160.75229
2015-08-06;104.806656;423.87524;609.80835;159.51358
2015-08-07;103.62758;425.78906;613.0825;158.33464
2015-08-10;103.09148;427.66028;618.253;157.61044
2015-08-11;104.24791;429.35086;623.69476;157.74353
2015-08-12;104.18822;430.77026;626.5051;157.47934
2015-08-13;104.05994;432.22473;628.56976;157.365
2015-08-14;103.77727;433.85718;630.1969;156.76448
2015-08-17;103.57315;435.58682;632.1279;155.83717
2015-08-18;104.3174;437.40228;633.6719;155.40248
2015-08-19;104.50311;438.98553;635.304;154.82803
2015-08-20;104.35335;440.25644;636.79364;154.49274
2015-08-21;103.862656;441.30338;638.22546;153.8276
2015-08-24;101.97482;441.9929;639.06604;150.92744
2015-08-25;99.64366;442.31985;638.7068;144.84753
2015-08-26;97.44049;442.49493;637.85236;139.20412
2015-08-27;96.438065;442.47888;636.9829;138.92546
2015-08-28;98.23163;442.2932;636.4892;141.17996
2015-08-31;99.64096;442.1122;636.9365;141.70496
2015-09-01;101.171005;442.13812;637.07214;141.92216
2015-09-02;100.65088;442.27197;635.52185;141.82495
2015-09-03;100.14343;442.07132;633.45544;139.9782
2015-09-04;99.57765;441.42255;631.97205;139.2406
2015-09-08;98.637215;440.57684;630.9087;138.35391
2015-09-09;99.05005;439.88922;629.9834;139.7208
2015-09-10;99.40497;439.48636;628.581;140.95383
2015-09-11;100.29649;439.2132;627.1223;141.17397
2015-09-14;101.716446;438.9149;626.0813;141.34741
2015-09-15;102.77578;438.43387;624.8186;141.37444
2015-09-16;104.303085;437.91016;623.7454;141.96092
2015-09-17;104.80214;437.55743;623.02136;142.47095
2015-09-18;104.12463;437.7163;622.96814;143.30676
2015-09-21;103.24651;438.3977;623.21326;144.14258
2015-09-22;103.24898;438.9395;623.2833;144.51128
2015-09-23;103.54306;439.21106;623.2893;143.70604
2015-09-24;103.83183;439.37762;623.0049;142.02606
2015-09-25;104.15532;439.2361;622.69763;142.02203
2015-09-28;104.262695;439.01392;622.5072;142.40585
2015-09-29;104.01639;439.14627;621.9352;142.25638
2015-09-30;102.7886;439.70825;621.0609;141.90138
2015-10-01;101.42374;440.52362;620.45166;141.84131
2015-10-02;100.520546;441.13055;620.2022;141.70872
2015-10-05;100.07435;441.51843;620.72125;141.76062
2015-10-06;100.31537;441.94696;621.81604;142.62596
2015-10-07;100.87003;442.43134;622.7575;143.49207
2015-10-08;101.56445;442.9618;623.2472;144.52286
2015-10-09;101.42756;443.5799;623.7569;145.61523
2015-10-12;101.57503;444.0683;624.2754;146.30666
2015-10-13;101.87151;444.41553;624.86;146.57416
2015-10-14;102.02632;444.8358;625.871;146.84338
2015-10-15;101.73161;445.23962;627.00195;147.09062
2015-10-16;101.585724;445.62344;628.1986;147.3156
2015-10-19;101.81093;445.98022;629.402;147.93098
2015-10-20;102.065994;446.31683;630.82086;148.52864
2015-10-21;102.81212;446.73578;632.1101;144.81999
2015-10-22;103.47488;447.4452;633.0628;140.70215
2015-10-23;104.29746;448.44165;634.05145;139.32076
2015-10-26;105.734764;449.36255;635.8479;140.37363
2015-10-27;106.157135;450.25983;639.0217;141.6148
2015-10-28;105.87517;451.29953;642.81024;141.15031
2015-10-29;106.33734;452.45273;646.2572;140.26334
2015-10-30;107.40423;453.67667;649.02356;138.86386
2015-11-02;108.1832;455.02338;651.6078;137.38322
2015-11-03;108.91392;456.53174;654.57935;137.65678
2015-11-04;109.7449;458.27643;657.9533;138.1784
2015-11-05;110.48163;460.2376;661.40186;138.96234
2015-11-06;110.62927;462.45038;664.9021;139.16411
2015-11-09;110.008896;464.81406;668.4423;138.29523
2015-11-10;109.4774;467.0077;671.7049;135.75461
2015-11-11;108.57591;468.9743;674.4298;133.71227
2015-11-12;107.154915;470.95044;677.08215;133.21524
2015-11-13;105.81308;473.04486;679.7635;133.46567
2015-11-16;104.61656;475.29083;682.19946;133.91695
2015-11-17;103.80084;477.67798;684.5243;134.66855
2015-11-18;103.139206;479.9392;686.7687;135.41187
2015-11-19;103.614456;481.91345;688.9093;135.94249
2015-11-20;105.042145;483.63348;691.138;136.2091
2015-11-23;106.163025;485.13998;693.3622;136.59274
2015-11-24;106.88339;486.69003;695.4413;137.224
2015-11-25;107.17604;488.5351;697.1621;137.61339
2015-11-27;106.97923;490.52148;698.644;138.07478
2015-11-30;106.554855;492.39783;699.92804;138.29408
2015-12-01;106.4499;494.01318;701.0217;138.67534
2015-12-02;106.22342;495.41934;702.454;139.15352
2015-12-03;105.823944;496.70676;703.9857;139.4298
2015-12-04;105.15083;497.77734;705.08624;139.58304
2015-12-07;105.37302;498.59686;705.97797;139.78319
2015-12-08;106.27435;499.18124;706.5471;139.97491
2015-12-09;106.642136;499.70984;707.2262;139.9604
2015-12-10;106.01461;500.33875;707.7388;139.4287
2015-12-11;105.28438;501.00818;708.15045;138.5029
2015-12-14;104.39302;501.70355;708.4137;137.016
2015-12-15;103.50307;502.22382;708.4425;136.84949
2015-12-16;102.37958;502.51544;708.67236;137.5852
2015-12-17;101.45729;502.52094;709.20355;138.16844
2015-12-18;100.51141;502.3699;709.6142;138.60634
2015-12-21;99.15434;502.3993;709.6184;138.21826
2015-12-22;97.9825;502.67114;709.23444;137.46187
2015-12-23;97.38353;502.83655;708.7611;137.2752
2015-12-24;97.74196;502.92926;708.7509;137.66052
2015-12-28;98.10734;502.87964;708.90027;138.33241
2015-12-29;97.8141;502.86475;709.32983;138.80287
2015-12-30;98.24452;503.0466;710.01953;138.89745
2015-12-31;98.521545;503.3227;710.66296;139.06226
2016-01-04;97.96901;503.48944;711.1511;139.10193
2016-01-05;97.23939;503.5426;711.1646;138.72284
2016-01-06;96.16455;503.30194;710.6356;137.6666
2016-01-07;94.8923;502.78152;710.1527;136.77934
2016-01-08;93.132065;502.29156;709.92505;135.73523
2016-01-11;91.395096;501.7979;709.3473;134.88551
2016-01-12;90.245224;501.31808;708.34155;134.79463
2016-01-13;90.763916;500.70685;707.1368;134.93329
2016-01-14;90.902016;499.81824;705.74744;134.85521
2016-01-15;91.04375;498.61743;704.40845;134.94658
2016-01-19;91.02718;497.2464;702.7893;134.1709
2016-01-20;90.64061;495.84454;700.6775;132.03714
2016-01-21;90.14593;494.63748;698.64355;127.70227
2016-01-22;89.68286;493.48822;697.161;124.36408
2016-01-25;90.711075;492.1787;696.15015;123.53383
2016-01-26;91.93445;490.65393;694.9662;124.586525
2016-01-27;92.42583;489.08914;693.5043;126.22498
2016-01-28;91.228424;487.3354;691.5921;126.857956
2016-01-29;89.8223;485.59155;689.7528;126.91752
2016-02-01;88.96379;484.07385;688.7827;127.12388
2016-02-02;88.7354;482.73547;688.87177;126.97949
2016-02-03;88.3433;481.54126;689.7677;127.0537
2016-02-04;88.449066;480.25293;690.14636;127.36085
2016-02-05;89.091705;478.3385;689.417;128.5025
2016-02-08;89.28304;475.84467;688.3949;129.54971
2016-02-09;88.955765;473.4218;687.5082;130.51338
2016-02-10;88.846054;470.89117;686.35767;130.33125
2016-02-11;88.5193;468.43567;685.21716;127.30459
2016-02-12;88.07706;466.235;684.4049;123.20206
2016-02-16;87.677185;464.4016;683.75665;122.434326
2016-02-17;88.730354;462.55112;682.676;124.74092
2016-02-18;90.131485;460.88068;681.8709;126.44368
2016-02-19;90.92327;459.37415;681.30237;127.2258
2016-02-22;90.94909;457.794;680.80676;128.00484
2016-02-23;90.60423;456.27948;680.58295;128.64368
2016-02-24;89.83457;454.6332;679.9621;128.40773
2016-02-25;89.53335;453.40015;679.4819;128.05464
2016-02-26;89.74681;452.53598;679.0448;128.81813
2016-02-29;90.32393;451.7935;678.3578;129.65729
2016-03-01;90.97485;451.0119;677.3254;130.03784
2016-03-02;91.99242;450.2343;676.681;131.25394
2016-03-03;93.136444;449.59567;676.48413;132.25098
2016-03-04;94.175285;449.21332;676.19653;133.52037
2016-03-07;95.17642;449.20203;676.1977;134.51239
2016-03-08;95.277115;449.4213;676.23114;135.06235
2016-03-09;95.004845;449.58472;675.82324;135.88533
2016-03-10;94.632744;449.5891;675.5803;136.417
2016-03-11;94.318985;449.69543;676.0612;137.04466
2016-03-14;94.69903;449.93463;677.0304;137.80693
2016-03-15;95.23373;450.67212;678.1304;138.417
2016-03-16;95.944016;451.92334;679.18274;138.73099
2016-03-17;97.03062;453.22394;680.215;139.32008
2016-03-18;97.83106;454.44257;681.3364;140.07399
2016-03-21;98.297195;455.59076;682.7471;140.89307
2016-03-22;98.39533;456.47952;684.22675;141.92174
2016-03-23;98.48692;457.2093;685.75146;142.53357
2016-03-24;98.57413;458.07108;687.37476;142.63264
2016-03-28;98.45657;458.84894;688.57935;142.92648
2016-03-29;98.19154;459.50714;689.5635;143.4068
2016-03-30;98.57431;460.05792;690.68616;144.11551
2016-03-31;99.668;460.47205;691.8872;144.74954
2016-04-01;100.418144;460.8393;693.3041;145.65886
2016-04-04;101.01346;461.3496;694.9233;146.92828
2016-04-05;101.65094;462.10565;696.33234;147.56224
2016-04-06;101.73816;462.9857;697.553;147.78973
2016-04-07;101.88525;463.67664;698.88806;147.91862
2016-04-08;101.3301;464.08325;700.05286;147.26947
2016-04-11;100.80116;464.28192;701.003;146.81447
2016-04-12;100.52539;464.40634;701.6465;147.12428
2016-04-13;100.66708;464.64923;702.1855;147.63493
2016-04-14;101.44724;465.25363;702.93115;148.78334
2016-04-15;102.30825;466.20148;703.7339;149.33047
2016-04-18;102.43893;467.40015;704.82306;149.8601
2016-04-19;101.35968;468.71082;706.0708;150.40309
2016-04-20;99.94033;469.93982;707.00586;148.49734
2016-04-21;98.770706;471.0307;707.82;146.53581
2016-04-22;97.86969;471.95343;708.6123;146.24275
2016-04-25;97.31552;472.74005;708.8621;146.378
2016-04-26;96.863075;473.6515;708.55725;147.78307
2016-04-27;96.46664;474.6317;707.7849;148.22101
2016-04-28;94.951675;475.5782;706.66406;148.34563
2016-04-29;92.99126;476.52716;705.1394;147.57709
2016-05-02;91.01144;477.35077;703.19965;146.1824
2016-05-03;89.21611;478.24866;701.1938;144.72862
2016-05-04;87.759995;479.4945;699.0604;142.76036
2016-05-05;87.40542;481.12427;696.96704;142.3579
2016-05-06;87.424225;482.88736;695.1564;143.5233
2016-05-09;87.38136;484.4099;693.2554;144.6859
2016-05-10;87.05478;485.50958;691.5421;145.1992
2016-05-11;87.02203;486.47614;690.38025;145.53972
2016-05-12;86.828354;487.64374;689.09424;145.3612
2016-05-13;85.87822;489.38614;687.4542;145.18407
2016-05-16;85.13838;491.49902;685.5954;145.39874
2016-05-17;85.59117;493.44672;683.8459;145.99481
2016-05-18;86.61801;495.05762;682.285;146.54034
2016-05-19;87.47496;496.39;680.82166;146.45192
2016-05-20;88.26632;497.83685;679.4533;145.3118
2016-05-23;88.79027;499.71057;678.12665;144.40572
2016-05-24;89.49558;501.96967;677.0737;144.13339
2016-05-25;90.17509;503.8523;676.548;144.62286
2016-05-26;91.23659;505.2569;676.61475;146.0237
2016-05-27;92.554825;506.41443;676.9523;147.5063
2016-05-31;93.44737;507.41364;677.6406;149.06041
2016-06-01;93.74532;508.57205;678.54333;149.87604
2016-06-02;93.28551;510.33286;679.48065;149.74565
2016-06-03;92.59528;512.517;680.41266;149.92662
2016-06-06;91.95583;514.548;681.05804;150.32588
2016-06-07;91.614334;516.05396;681.41266;150.53209
2016-06-08;91.846634;517.05786;681.57947;150.81479
2016-06-09;92.224846;517.8152;681.97955;151.00641
2016-06-10;92.87996;518.4903;682.70404;151.23947
2016-06-13;93.1525;519.27594;683.3165;151.24583
2016-06-14;92.6803;520.20154;683.70667;151.04407
2016-06-15;92.024124;521.0819;683.88324;150.65666
2016-06-16;91.25854;521.78937;683.9786;150.3568
2016-06-17;91.04404;522.31903;684.2328;150.44911
2016-06-20;90.62623;522.671;684.16376;151.06721
2016-06-21;90.08558;522.8737;683.58093;152.07832
2016-06-22;89.69215;523.05145;682.70605;152.95363
2016-06-23;89.605484;523.2622;681.79895;152.77463
2016-06-24;89.84774;523.43726;681.1402;153.07013
2016-06-27;89.20834;523.62555;679.9268;151.35637
2016-06-28;88.17309;523.76587;677.9159;146.59799
2016-06-29;87.45577;523.8151;675.6806;143.40923
2016-06-30;87.53302;523.7131;673.7997;143.16641
2016-07-01;88.37248;523.56323;672.6467;145.51482
2016-07-05;89.27203;523.5255;671.83093;146.59978
2016-07-06;89.79776;523.6334;670.8653;147.08626
2016-07-07;89.97435;523.8353;669.6245;147.71228
2016-07-08;90.03385;524.0145;668.23315;147.1132
2016-07-11;90.332886;524.0875;667.26666;147.49203
2016-07-12;90.764595;524.23486;666.78467;148.77574
2016-07-13;91.26655;524.51495;666.69305;150.66083
2016-07-14;91.41948;524.9977;667.0569;152.80058
2016-07-15;91.92433;525.4566;667.3869;154.48326
2016-07-18;92.57687;525.73083;667.7491;155.17915
2016-07-19;93.219406;525.9105;668.64355;155.58957
2016-07-20;93.85867;526.0285;669.9448;156.0749
2016-07-21;94.06278;526.28125;671.6665;156.80444
2016-07-22;93.82084;526.93396;673.5359;157.72862
2016-07-25;93.35025;527.75244;675.35864;159.25941
2016-07-26;92.66261;528.57587;677.3447;160.8341
2016-07-27;91.97687;529.3749;679.45087;161.4038
2016-07-28;92.87366;529.9162;681.6443;161.52676
2016-07-29;94.54884;530.2889;683.8718;161.00862
2016-08-01;95.64188;530.7719;686.6285;160.42708
2016-08-02;97.14333;531.51636;689.93225;159.9024
2016-08-03;97.52998;532.4367;693.5473;159.30092
2016-08-04;97.60168;533.288;696.937;158.8209
2016-08-05;97.77198;533.9839;699.8899;158.59657
2016-08-08;97.97302;534.5322;702.8143;159.4542
2016-08-09;98.91176;534.99146;705.89;159.6408
2016-08-10;99.758896;535.5909;709.1594;159.07475
2016-08-11;100.13225;536.4355;712.319;158.3821
2016-08-12;100.13799;537.2827;715.0392;158.17377
2016-08-15;100.13628;537.9142;717.4802;157.97847
2016-08-16;100.48175;538.29443;719.84766;157.71753
2016-08-17;100.61599;538.5469;721.8999;157.36563
2016-08-18;100.657;538.85565;723.8421;156.93958
2016-08-19;100.63893;539.3806;725.71643;156.77495
2016-08-22;100.83359;540.0711;727.5025;156.4104
2016-08-23;100.91145;540.6866;729.172;156.0151
2016-08-24;100.82541;541.1577;730.41125;155.80185
2016-08-25;100.49887;541.4424;731.349;155.4954
2016-08-26;99.89371;541.62213;731.91394;155.20184
2016-08-29;99.27034;541.8553;732.3124;154.87587
2016-08-30;98.73792;542.1987;732.6002;154.79556
2016-08-31;98.27109;542.6508;732.71045;154.92291
2016-09-01;98.01315;543.20654;732.69604;154.73666
2016-09-02;98.00158;543.66956;732.5504;154.71889
2016-09-06;98.38197;543.9255;732.3534;154.45036
2016-09-07;98.8178;544.0779;732.42175;154.62593
2016-09-08;99.32155;544.25775;732.74646;155.5433
2016-09-09;98.9906;544.52106;732.9791;155.26112
2016-09-12;97.94014;544.86194;732.6813;154.48758
2016-09-13;97.04498;545.128;732.148;154.22598
2016-09-14;97.362595;545.2039;731.666;153.44154
2016-09-15;98.83979;545.1342;731.28455;152.59413
2016-09-16;101.09717;545.0676;731.2182;152.96484
2016-09-19;102.91339;545.0906;731.17993;152.95708
2016-09-20;103.774155;545.3283;731.1106;153.51978
2016-09-21;103.53244;545.68384;731.06396;153.71786
2016-09-22;102.93841;545.97516;731.10815;153.51129
2016-09-23;102.75577;546.1711;731.47095;153.99573
2016-09-26;102.58342;546.55536;732.1653;153.46489
2016-09-27;102.244896;547.1319;732.9006;153.12924
2016-09-28;102.28874;547.9303;733.46234;153.1653
2016-09-29;102.78142;548.82886;733.7499;154.23473
2016-09-30;103.07901;549.6829;734.0885;155.1625
2016-10-03;103.08151;550.4767;734.48315;156.02249
2016-10-04;102.7626;551.2962;734.64526;155.66272
2016-10-05;102.47508;552.304;734.74854;155.10498
2016-10-06;102.50571;553.42426;734.7592;154.91388
2016-10-07;102.950424;554.698;735.0006;154.8798
2016-10-10;103.83963;556.089;735.3155;154.56708
2016-10-11;104.99622;557.4765;735.62085;154.84035
2016-10-12;105.78163;558.7477;736.1376;154.60367
2016-10-13;106.40347;560.0226;736.8237;154.22382
2016-10-14;106.87622;561.1887;737.22266;153.6062
2016-10-17;107.09096;562.22327;737.3314;153.03726
2016-10-18;107.250916;563.2135;737.4103;153.07782
2016-10-19;107.22868;564.2374;737.71796;152.2078
2016-10-20;107.11543;565.3236;738.58093;151.48334
2016-10-21;106.93497;566.2793;739.42993;150.84131
2016-10-24;106.72572;567.0742;740.1218;149.07553
2016-10-25;106.783615;567.898;740.8798;148.95467
2016-10-26;107.16361;568.6604;741.6881;149.20549
2016-10-27;106.825005;569.27966;742.4671;149.61716
2016-10-28;105.999664;569.89716;743.24805;150.31639
2016-10-31;104.93089;570.2543;743.80133;150.32185
2016-11-01;104.019775;570.2035;744.119;150.96371
2016-11-02;103.07353;569.8169;744.3717;150.79692
2016-11-03;102.214005;569.10187;744.3604;150.76953
2016-11-04;101.31992;568.27686;743.75214;151.04431
2016-11-07;100.45427;567.4651;742.7677;151.34038
2016-11-08;99.98954;566.5271;742.10504;152.43213
2016-11-09;100.147194;565.42865;742.0741;152.96416
2016-11-10;100.567276;564.40906;742.3149;153.242
2016-11-11;100.14192;563.4197;741.90814;154.7534
2016-11-14;99.38548;562.4043;740.52185;156.4851
2016-11-15;98.34086;561.2134;738.59155;157.07901
2016-11-16;97.67035;559.6675;736.67114;157.12181
2016-11-17;98.28461;557.6273;735.1222;156.97357
2016-11-18;99.0634;555.618;734.00195;156.83794
2016-11-21;99.86864;554.07104;732.88666;157.50748
2016-11-22;100.787964;552.64813;731.3035;158.76262
2016-11-23;101.441986;551.5756;729.4555;159.98071
2016-11-25;101.873474;550.6547;727.7334;160.45413
2016-11-28;102.094185;549.7858;726.4193;160.78761
2016-11-29;101.96448;549.08264;725.4751;161.29715
2016-11-30;101.87457;548.5749;724.7083;161.34193
2016-12-01;101.65187;547.8312;723.9093;160.77026
2016-12-02;101.15378;546.69495;722.944;159.97833
2016-12-05;100.78911;545.2805;721.59863;159.19078
2016-12-06;100.55049;543.8827;720.1711;158.6858
2016-12-07;100.44078;542.73804;719.15594;158.51682
2016-12-08;100.730415;542.04315;719.02295;159.61305
2016-12-09;101.28883;542.1914;719.274;161.41829
2016-12-12;102.41454;542.74585;719.7365;162.77266
2016-12-13;103.33852;543.2002;720.5039;162.82385
2016-12-14;104.19533;543.3236;721.6221;162.93213
2016-12-15;104.99669;543.2518;722.9702;163.22404
2016-12-16;105.434814;542.9514;724.1665;163.74527
2016-12-19;105.82953;542.75305;725.3479;163.46437
2016-12-20;106.12802;542.6991;726.54126;162.86963
2016-12-21;106.563934;542.672;727.70526;162.56409
2016-12-22;106.853836;542.68243;728.8666;162.71585
2016-12-23;106.85394;542.8435;730.0567;162.77385
2016-12-27;106.697174;543.1876;731.14685;162.86716
2016-12-28;106.7432;543.74316;732.1601;162.94035
2016-12-29;106.73584;544.25574;733.08466;163.00879
2016-12-30;106.660034;544.42755;734.1127;162.83292
2017-01-03;106.31154;544.3765;735.01447;162.52846
2017-01-04;106.06831;544.19556;735.76794;162.35321
2017-01-05;105.98746;543.8185;736.5759;163.54118
2017-01-06;106.099365;543.3666;737.5174;164.38702
2017-01-09;106.61538;543.2585;738.7254;165.1312
2017-01-10;107.36326;543.5405;739.7554;164.27913
2017-01-11;108.05324;544.2113;740.62067;163.21959
2017-01-12;108.6011;545.0974;741.4734;162.76717
2017-01-13;108.83887;545.9168;742.3815;162.86914
2017-01-17;108.737595;546.47156;743.282;162.92949
2017-01-18;108.7903;547.0321;744.09875;163.33847
2017-01-19;108.91156;547.75336;744.99365;163.25359
2017-01-20;109.00995;548.58813;745.75525;163.15816
2017-01-23;109.07806;549.3633;746.2845;164.1358
2017-01-24;109.12262;549.99036;747.24084;166.02924
2017-01-25;109.206345;550.56055;748.6196;168.69098
2017-01-26;109.74884;551.3287;750.3423;171.88678
2017-01-27;110.23451;552.5255;752.3023;173.5423
2017-01-30;110.54257;554.0338;753.9085;173.96548
2017-01-31;110.71229;555.708;754.9349;172.5311
2017-02-01;110.47287;557.226;755.5824;170.78067
2017-02-02;112.01114;558.41235;756.07947;169.8868
2017-02-03;113.97395;559.3683;756.3938;169.41428
2017-02-06;115.12685;560.3137;756.6293;169.83017
2017-02-07;116.335846;561.3168;756.8692;171.61244
2017-02-08;116.88304;562.33344;757.0031;174.05676
2017-02-09;117.53783;563.2003;756.96674;175.06464
2017-02-10;117.98837;563.9437;756.9463;174.7866
2017-02-13;118.16788;564.6581;757.0979;175.38214
2017-02-14;118.58848;565.50336;757.4665;176.25041
2017-02-15;119.37218;566.5602;757.98584;177.12439
2017-02-16;120.072174;567.64026;758.4396;177.78798
2017-02-17;120.69612;568.4717;758.7976;178.30072
2017-02-21;121.308624;568.949;759.0653;178.53339
2017-02-22;121.73743;569.2859;759.26245;177.47012
2017-02-23;121.99086;569.7421;759.5763;176.91698
2017-02-24;122.10452;570.2881;760.02466;178.07227
2017-02-27;122.06359;570.893;760.34045;179.17242
2017-02-28;122.25372;571.4952;760.7469;178.14041
2017-03-01;122.4626;571.8813;761.3255;176.47815
2017-03-02;123.17201;572.24835;762.2113;177.52904
2017-03-03;123.77383;572.76154;763.18774;178.68387
2017-03-06;124.17081;573.302;764.07324;178.60661
2017-03-07;124.49401;573.904;764.87555;177.60814
2017-03-08;124.35198;574.59534;765.4933;176.40962
2017-03-09;124.15055;575.08966;766.1968;175.7406
2017-03-10;123.76956;575.30273;767.0673;174.05664
2017-03-13;123.62598;575.59973;768.1831;172.5996
2017-03-14;123.649;576.1012;769.33453;171.6572
2017-03-15;123.649796;576.73303;770.4095;170.93127
2017-03-16;123.98418;577.3729;771.52405;170.42365
2017-03-17;124.47001;577.91846;772.6841;170.34686
2017-03-20;124.762825;578.3092;773.74036;170.36272
2017-03-21;125.125015;578.66406;774.7562;170.10545
2017-03-22;124.88115;579.01917;775.36707;168.90094
2017-03-23;124.97775;579.33154;775.58704;168.01674
2017-03-24;125.16597;579.6277;775.57666;167.51407
2017-03-27;125.11276;579.7798;775.31805;167.17122
2017-03-28;125.20717;579.806;774.9888;166.9164
2017-03-29;125.86714;579.77234;774.6471;167.00545
2017-03-30;126.74257;579.8085;774.5459;167.07262
2017-03-31;127.286194;580.0077;774.52106;167.11804
2017-04-03;127.54219;580.4103;774.40295;167.2226
2017-04-04;127.39255;580.94165;774.3186;167.46045
2017-04-05;127.532814;581.57434;774.1142;167.98886
2017-04-06;127.58617;582.2462;773.9471;167.4198
2017-04-07;127.424324;583.0054;773.68054;166.6697
2017-04-10;127.243744;583.8254;773.08057;166.2445
2017-04-11;126.92857;584.6638;772.33167;166.02115
2017-04-12;126.297226;585.49133;771.50244;165.84355
2017-04-13;125.64618;586.25195;770.7346;165.73976
2017-04-17;124.999405;587.0743;770.001;165.47255
2017-04-18;124.784164;587.91156;769.4403;165.46211
2017-04-19;124.64103;588.79535;769.2649;165.31622
2017-04-20;124.28168;589.77;769.38574;163.85295
2017-04-21;124.59331;590.90924;769.67554;162.21786
2017-04-24;125.13025;592.05786;770.0161;159.92232
2017-04-25;125.753235;593.1588;770.714;158.65842
2017-04-26;126.5508;594.2398;771.9924;159.53854
2017-04-27;126.85863;595.2313;773.6573;160.67432
2017-04-28;127.08369;596.12366;775.3419;161.44064
2017-05-01;126.96182;597.04266;777.3733;161.38464
2017-05-02;127.50592;598.08984;780.063;160.21408
2017-05-03;128.60568;599.31775;783.3546;159.10997
2017-05-04;129.2562;600.6155;787.11957;158.25034
2017-05-05;129.54431;601.8451;791.0928;157.85112
2017-05-08;129.9722;603.0194;794.8953;157.02867
2017-05-09;131.44226;604.06775;798.9492;155.6809
2017-05-10;133.08861;605.0125;803.4057;153.68333
2017-05-11;134.03427;605.86487;807.54175;151.09543
2017-05-12;134.61371;606.83307;811.44696;149.98189
2017-05-15;135.28075;607.9552;815.35657;149.94633
2017-05-16;135.85199;608.96716;819.31116;150.6933
2017-05-17;136.11458;609.85156;823.1162;151.6163
2017-05-18;135.04694;610.806;826.6175;151.36935
2017-05-19;134.05307;611.9535;829.7887;150.6866
2017-05-22;133.32816;613.25696;832.66754;150.10701
2017-05-23;133.3569;614.5334;835.666;149.78705
2017-05-24;133.82802;615.7768;838.9043;150.0342
2017-05-25;134.0278;616.9005;842.1472;150.31984
2017-05-26;134.3613;618.0315;845.342;150.49855
2017-05-30;134.42236;619.25964;848.1094;150.37144
2017-05-31;134.26028;620.6139;850.7799;150.09773
2017-06-01;134.0381;622.044;853.35443;150.09943
2017-06-02;133.92029;623.57184;855.3349;150.26808
2017-06-05;134.53523;625.0215;857.1564;150.529
2017-06-06;134.80827;626.4342;859.4153;150.868
2017-06-07;135.03226;627.7169;861.6877;151.2169
2017-06-08;135.45955;628.8639;863.8241;151.08067
2017-06-09;135.68658;630.03265;865.7007;150.97273
2017-06-12;134.45929;631.13;866.8997;151.19794
2017-06-13;132.03842;632.1306;867.56213;152.08116
2017-06-14;129.76418;632.9343;868.0813;152.55086
2017-06-15;128.1908;633.6395;868.6289;152.18816
2017-06-16;127.00662;634.3179;869.0603;151.88405
2017-06-19;125.74376;635.09045;869.4489;151.8725
2017-06-20;125.4633;635.7997;869.6618;152.07396
2017-06-21;126.29996;636.37885;869.4232;152.17523
2017-06-22;126.60625;636.9376;869.2469;152.07365
2017-06-23;127.04355;637.5229;869.33417;152.03662
2017-06-26;127.30273;638.0371;869.2948;152.02228
2017-06-27;127.672134;638.60864;868.9054;151.99133
2017-06-28;127.00957;639.2039;868.20044;151.98874
2017-06-29;126.75907;639.5364;867.2196;151.97568
2017-06-30;126.48889;639.51715;865.85834;151.85324
2017-07-03;126.32864;639.2036;864.0508;151.69603
2017-07-05;126.03592;638.6262;861.885;151.77402
2017-07-06;125.67598;638.0387;859.61035;151.55907
2017-07-07;125.57457;637.6948;857.24;151.14777
2017-07-10;125.77219;637.3722;855.2672;150.96951
2017-07-11;126.12854;637.16797;853.91534;150.77957
2017-07-12;126.74779;637.3037;852.9729;150.75406
2017-07-13;127.46243;637.41925;852.1478;150.90576
2017-07-14;128.37837;637.3391;851.7998;150.95465
2017-07-17;129.51431;637.2769;851.9257;151.05461
2017-07-18;130.58884;637.1072;851.9286;150.91287
2017-07-19;131.34126;636.99146;852.20557;150.9035
2017-07-20;131.89545;637.11273;852.8168;149.26663
2017-07-21;132.23671;637.5791;853.5983;146.66885
2017-07-24;132.28304;638.3331;854.5381;144.63138
2017-07-25;132.57007;639.097;855.61926;142.72916
2017-07-26;133.16418;639.73346;856.3574;143.02261
2017-07-27;133.93362;640.4811;856.78455;143.36281
2017-07-28;133.90053;641.5602;857.23645;143.35596
2017-07-31;132.92465;642.6102;857.61774;143.06418
2017-08-01;131.82672;643.7473;858.0453;142.31766
2017-08-02;131.13156;644.70667;858.3153;142.07431
2017-08-03;132.64835;645.0785;858.5106;141.65501
2017-08-04;134.17438;645.0011;858.29144;141.71597
2017-08-07;135.25105;645.07025;857.7866;141.85931
2017-08-08;136.75352;645.4822;857.38544;141.63495
2017-08-09;137.78049;646.21313;856.7876;140.88873
2017-08-10;138.89005;646.9193;856.0698;139.78098
2017-08-11;138.20325;647.32764;854.9223;139.01562
2017-08-14;137.06372;647.2654;853.397;139.15358
2017-08-15;136.99307;646.95544;851.79645;139.87369
2017-08-16;137.78668;646.59766;850.313;140.61504
2017-08-17;138.77792;646.272;849.1452;141.06161
2017-08-18;138.68333;645.8445;847.64;141.00745
2017-08-21;138.1072;645.1165;845.63367;140.14407
2017-08-22;137.22955;643.9214;843.4794;139.53761
2017-08-23;136.81128;642.33246;841.76996;139.55609
2017-08-24;137.22992;640.88055;840.8924;140.17995
2017-08-25;137.54124;639.83856;840.19165;140.87909
2017-08-28;138.32979;638.9873;839.39014;141.30974
2017-08-29;139.09164;638.16156;838.3227;141.15277
2017-08-30;140.2073;636.9195;837.1113;140.95479
2017-08-31;141.19107;635.10474;836.4617;140.87589
2017-09-01;141.83365;633.30963;836.5962;140.87999
2017-09-05;142.27344;632.014;837.02686;141.47487
2017-09-06;141.86632;631.43677;837.2025;141.77472
2017-09-07;141.05768;631.12683;837.12427;141.98172
2017-09-08;140.44376;630.62964;837.172;141.91872
2017-09-11;139.60107;629.9712;837.3065;141.4807
2017-09-12;139.2054;629.3353;837.63086;141.75339
2017-09-13;139.0014;628.808;838.1014;142.25735
2017-09-14;138.75461;628.6148;838.55786;142.95004
2017-09-15;138.30576;628.8369;838.91626;143.26723
2017-09-18;137.95212;629.1504;839.0426;143.20987
2017-09-19;137.8461;629.39465;839.02747;143.00514
2017-09-20;137.7453;629.4794;838.78534;142.61055
2017-09-21;136.89442;629.5502;838.92505;142.60297
2017-09-22;135.57814;629.69226;839.6088;142.65503
2017-09-25;134.15;629.97266;840.2735;142.69597
2017-09-26;132.67395;630.20935;840.37964;142.83743
2017-09-27;131.76164;630.2395;840.0719;142.86995
2017-09-28;132.19675;629.92346;840.1628;142.94897
2017-09-29;132.50568;629.52014;840.89966;142.89037
2017-10-02;133.00992;629.25964;842.19104;142.77187
2017-10-03;133.25238;629.3392;843.406;142.83191
2017-10-04;133.64642;629.8318;844.325;143.15387
2017-10-05;133.90509;630.3058;845.05945;143.26965
2017-10-06;134.13812;630.37463;846.11664;143.32336
2017-10-09;134.5427;630.06494;847.86395;143.2443
2017-10-10;135.08801;629.81024;849.90393;143.27245
2017-10-11;135.64471;629.7432;851.8179;143.74387
2017-10-12;136.0769;629.86804;853.85034;143.9416
2017-10-13;136.4053;630.0531;856.0399;144.04007
2017-10-16;136.79102;630.20276;858.36707;144.1717
2017-10-17;137.51375;630.3696;861.022;144.06964
2017-10-18;138.45761;630.6599;863.5799;143.89735
2017-10-19;139.0831;631.2106;866.07153;146.28516
2017-10-20;138.54527;631.8866;868.376;151.92157
2017-10-23;137.52504;632.38525;870.73486;154.71703
2017-10-24;136.59863;632.6235;872.60223;155.68716
2017-10-25;136.25797;632.71765;873.8944;155.04993
2017-10-26;136.19247;632.76636;875.1172;155.10516
2017-10-27;136.28333;632.9783;876.2919;154.41116
2017-10-30;137.91559;633.63684;878.2627;153.61249
2017-10-31;140.53549;634.91956;880.7173;154.60791
2017-11-01;143.05675;636.882;883.16284;156.8995
2017-11-02;144.41429;639.48096;885.5784;158.69653
2017-11-03;144.7822;642.2278;887.66016;158.55716
2017-11-06;145.74634;644.62573;889.7747;157.2546
2017-11-07;146.98778;646.61926;891.9502;155.89442
2017-11-08;148.33116;648.5858;894.3087;155.0565
2017-11-09;149.7608;650.74756;896.6733;154.59895
2017-11-10;150.70105;653.3518;898.5529;154.46396
2017-11-13;150.95775;656.18665;900.3873;154.11652
2017-11-14;150.30505;658.761;901.9988;152.75812
2017-11-15;149.10281;660.7897;903.06885;151.00386
2017-11-16;147.75937;663.178;904.34204;149.20367
2017-11-17;146.56723;666.2633;905.97925;148.67278
2017-11-20;145.7807;669.8471;907.7003;148.58446
2017-11-21;145.69778;673.8266;909.1731;148.87068
2017-11-22;146.77498;676.954;910.52527;149.60864
2017-11-24;148.32837;679.01086;912.03284;149.85693
2017-11-27;149.6112;681.00354;913.5427;150.19421
2017-11-28;150.10678;683.182;915.2162;149.97816
2017-11-29;149.64047;685.83344;916.756;149.93953
2017-11-30;148.32384;689.416;917.5455;150.44867
2017-12-01;147.28348;693.1987;917.68567;151.23044
2017-12-04;146.73393;696.2964;917.6238;152.29427
2017-12-05;146.3082;698.39185;917.2938;153.60596
2017-12-06;145.94661;699.73474;916.54114;154.04364
2017-12-07;145.34998;700.91504;916.06177;153.91394
2017-12-08;145.1936;702.0276;915.96497;153.80293
2017-12-11;145.24814;703.0062;916.07117;153.98657
2017-12-12;145.89056;704.06085;916.3655;154.33592
2017-12-13;146.63113;705.00195;916.3629;155.28775
2017-12-14;147.18036;705.94965;916.2268;155.13026
2017-12-15;147.78185;707.1027;916.56604;154.7591
2017-12-18;148.47597;708.2552;917.50867;154.07458
2017-12-19;149.84467;709.2257;918.87177;153.30936
2017-12-20;150.53958;710.1492;920.39215;152.96487
2017-12-21;150.67062;710.8902;921.5789;152.82585
2017-12-22;150.52469;711.2523;922.18774;152.73465
2017-12-26;150.3854;711.5299;922.6364;152.63527
2017-12-27;149.48708;711.737;923.1406;152.30498
2017-12-28;148.29822;711.94617;923.853;152.0388
2017-12-29;147.22714;712.71234;924.6985;152.17957